Id,Name,sked__Address__c
a2t5o00000001FtAAI,Sobeys Vaughan Harvey - Pfizer/Moderna,"55 Vaughan Harvey Boulevard,Moncton,New Brunswick,E1C 0N3"
a2t5o00000001FuAAI,Sobeys Saint John West - Pfizer/Moderna,"1 Plaza Avenue,Saint John,New Brunswick,E2M 0C2"
a2t5o00000001FvAAI,Sobeys Elmwood Drive - Pfizer/Moderna,"77 Filles de Jesus Avenue,Moncton,New Brunswick,E1A 9G6"
a2t5o00000001FwAAI,Sobeys Regent - Pfizer/Moderna,"407 Regent Street,Fredericton,New Brunswick,E3B 3X6"
a2t5o00000001FxAAI,Sobeys Miramichi Road - Pfizer/Moderna,"375 Miramichi Road,Oromocto,New Brunswick,E2V 4T4"
a2t5o00000001FyAAI,Sobeys Bathurst - Pfizer/Moderna,"1125 St.  Peter Avenue,Bathurst,New Brunswick,E2A 3A1"
a2t5o00000001FzAAI,Lawtons Saint John Nursing Home Services - Pfizer/Moderna,"107 Catherwood Street, Suite 212,Saint John,New Brunswick,E2M 5J7"
a2t5o00000001G0AAI,Lawtons Catherwood - Pfizer/Moderna,"107 Catherwood Street,Saint John,New Brunswick,E2M 5J7"
a2t5o00000001G1AAI,Lawtons Elmwood Drive - Pfizer/Moderna,"565 Elmwood Drive,Moncton,New Brunswick,E1A 2X4"
a2t5o00000001G2AAI,Lawtons Regent Mall - Pfizer/Moderna,"1381 Regent Street,Fredericton,New Brunswick,E3C 1A2"
a2t5o00000001G3AAI,Lawtons McAllister Place - Pfizer/Moderna,"519 Westmorland Road,Saint John,New Brunswick,E2J 3W9"
a2t5o00000001G4AAI,Sobeys Caraquet - Pfizer/Moderna,"10 Boulevard St. Pierre East,Caraquet,New Brunswick,E1W 1B6"
a2t5o00000001G5AAI,Sobeys Acton,"372 Queen Street East,Acton,Ontario,L7J 2Y5"
a2t5o00000001G6AAI,Sobeys Ajax,"260 Kingston Road W,Ajax,Ontario,L1T 4E4"
a2t5o00000001G7AAI,Sobeys Ancaster,"977 Golf Links Road,Ancaster,Ontario,L9K 1K1"
a2t5o00000001G8AAI,Sobeys Aurora,"15500 Bayview Avenue,Aurora,Ontario,L4G 7J1"
a2t5o00000001G9AAI,Sobeys Barrie(Molson Park),"37 Mapleview Drive West,Barrie,Ontario,L4N 9H5"
a2t5o00000001GAAAY,Sobeys Bradford,"40 Melbourne Drive,Bradford,Ontario,L3Z 3B8"
a2t5o00000001GBAAY,Sobeys Brampton,"8975 Chinguacousy Road,Brampton,Ontario,L6Y 0J2"
a2t5o00000001GCAAY,FreshCo Mississauga & Financial,"Unit 11 - 8405 Financial Drive,Brampton,Ontario,L6Y 0E3"
a2t5o00000001GDAAY,FreshCo 50-Cottrelle,"3998 Cottrelle Boulevard,Brampton,Ontario,L6P 2R1"
a2t5o00000001GEAAY,Sobeys Shellard Lane,"310 Colborne Street, West,Brantford,Ontario,N3T 1M2"
a2t5o00000001GFAAY,FreshCo Brantford,"50 Market Street  South,Brantford,Ontario,N3S 2E3"
a2t5o00000001GGAAY,Sobeys Burlington,"1250 Brant St,Burlington,Ontario,L7P 1X8"
a2t5o00000001GHAAY,FreshCo Cambridge,"1 Hespeler Road,Cambridge,Ontario,N1R 8L4"
a2t5o00000001GIAAY,Sobeys Chatham,"215 Park Ave,Chatham,Ontario,N7M 1W3"
a2t5o00000001GJAAY,FreshCo Ninth and Marlborough,"525 Ninth St. East,Cornwall,Ontario,K6H 0A3"
a2t5o00000001GKAAY,Sobeys Etobicoke,"125 The Queensway,Etobicoke,Ontario,M8Y 1H6"
a2t5o00000001GLAAY,Safeway Fort Frances,"417 Scott Street,Fort Frances,Ontario,P9A 1H3"
a2t5o00000001GMAAY,FreshCo Georgetown,"325 Guelph Street,Georgetown,Ontario,L7G 4B3"
a2t5o00000001GNAAY,Sobeys Gravenhurst,"225 Edward Street,Gravenhurst,Ontario,P1P 1K8"
a2t5o00000001GOAAY,Sobeys Alcona Beach,"2080 Jans Boulevard,Innisfil,Ontario,L9S 4Y8"
a2t5o00000001GPAAY,Sobeys Kanata,"700 Terry Fox Drive,Kanata,Ontario,K2L 4H4"
a2t5o00000001GQAAY,Sobeys March Road,"840 March Road,Kanata,Ontario,K2K 1X7"
a2t5o00000001GRAAY,FreshCo Princess,"2327 Princess Street,Kingston,Ontario,K7M 3G1"
a2t5o00000001GSAAY,Sobeys Highland,"274 Highland Road West,Kitchener,Ontario,N2M 3C5"
a2t5o00000001GTAAY,Sobeys Kitchener,"1187 Fischer Hallman Road,Kitchener,Ontario,N2E 4H9"
a2t5o00000001GUAAY,Sobeys Ira Needles,"235 Ira Needles Blvd,Kitchener,Ontario,N2N 0B2"
a2t5o00000001GVAAY,Sobeys Lakeshore,"19 Amy Croft Drive,Lakeshore,Ontario,N9K 1C7"
a2t5o00000001GWAAY,Sobeys Wonderland,"661 Wonderland Rd. N,London,Ontario,N6H 0H9"
a2t5o00000001GXAAY,FreshCo Markham,"9580 McCowan Road,Markham,Ontario,L3P 8M1"
a2t5o00000001GYAAY,Sobeys Milton,"1035 Bronte St South,Milton,Ontario,L9T 8X3"
a2t5o00000001GZAAY,Sobeys Mississauga,"5602 Tenth Line West,Mississauga,Ontario,L5M 7L9"
a2t5o00000001GaAAI,FreshCo Lundy's Lane,"5931 Kalar Road,Niagara Falls,Ontario,L2H 1T6"
a2t5o00000001GbAAI,Sobeys Oakville,"511 Maple Grove Drive,Oakville,Ontario,L6J 4W3"
a2t5o00000001GcAAI,Sobeys Glen Abbey,"1500 Upper Middle Road,Oakville,Ontario,L6M 3G3"
a2t5o00000001GdAAI,Sobeys Orangeville,"500 Riddell Road,Orangeville,Ontario,L9W 5L1"
a2t5o00000001GeAAI,Sobeys Trim/Innes,"5150 Innes Road,Orleans,Ontario,K4A 0G4"
a2t5o00000001GfAAI,Sobeys Oshawa,"1377 Wilson Road, North,Oshawa,Ontario,L1K 2Z5"
a2t5o00000001GgAAI,Sobeys Paris,"307 Grand River Street N,Paris,Ontario,N3L 2N9"
a2t5o00000001GhAAI,Sobeys Peterborough,"1200 Lansdowne Street W,Peterborough,Ontario,K9J 2A1"
a2t5o00000001GiAAI,FreshCo Leslie & Major MacKenzie,"1430 Major MacKenzie Drive East, Unit A,Richmond Hill,Ontario,L4S 1P5"
a2t5o00000001GjAAI,Sobeys Jefferson Square,"11700 Yonge Street,Richmond Hill,Ontario,L4E 3N6"
a2t5o00000001GkAAI,FreshCo Lawrence/Midland,"2650 Lawrence Avenue E,Scarborough,Ontario,M1P 2S1"
a2t5o00000001GlAAI,FreshCo Gerrard & Victoria,"2490 Gerrard St. East,Scarborough,Ontario,M1N 1W8"
a2t5o00000001GmAAI,Sobeys Simcoe,"438 Norfolk St,Simcoe,Ontario,N3Y 2X3"
a2t5o00000001GnAAI,Sobeys Glendale & Merritt,"343 Glendale Ave,St. Catherines,Ontario,L2T 0A1"
a2t5o00000001GoAAI,Sobeys Stratford - AstraZeneca,"9 Kinlock Road ,Stratford,Prince Edward Island,C1B 1L8"
a2t5o00000001GpAAI,Sobeys Vaughan,"9200 Bathurst Street,Thornhill,Ontario,L4J 8W1"
a2t5o00000001GqAAI,FreshCo 800 Steeles,"800 Steeles Ave W,Thornhill,Ontario,L4J 1A2"
a2t5o00000001GrAAI,Safeway Court Street,"70 North Court Street,Thunder Bay,Ontario,P7A 4T8"
a2t5o00000001GsAAI,Safeway Arthur Street,"115 West Arthur Street,Thunder Bay,Ontario,P7E 5P7"
a2t5o00000001GtAAI,Safeway Dawson Road,"1015 Dawson Road,Thunder Bay,Ontario,P7B 6S7"
a2t5o00000001GuAAI,Sobeys Rosebury,"145 Marlee Avenue,Toronto,Ontario,M6B 3H3"
a2t5o00000001GvAAI,Sobeys Belfield Long Term Care,"124 Belfield Rd. Unit 2,Toronto,Ontario,M9W 1G1"
a2t5o00000001GwAAI,FreshCo Bathurst & Nassau,"410 Bathurst St,Toronto,Ontario,M5T 2S6"
a2t5o00000001GxAAI,Foodland Tottenham,"260 Queen Street North,Tottenham,Ontario,L0G 1W0"
a2t5o00000001DyAAI,FreshCo Woodbridge,"3737 Major MacKenzie Dr,Vaughan,Ontario,L4H 0A2"
a2t5o00000001DzAAI,Sobeys Waterloo,"450 Columbia Street W ,Waterloo,Ontario,N2T 2W1"
a2t5o00000001E0AAI,Sobeys Bridgeport,"94 Bridgeport Road E,Waterloo,Ontario,N2J 2J9"
a2t5o00000001E1AAI,Sobeys Northfield,"640 Parkside Dr,Waterloo,Ontario,N2L 0C7"
a2t5o00000001E2AAI,Sobeys Whitby,"1615 Dundas Street E.,Whitby,Ontario,L1N 2L1"
a2t5o00000001E3AAI,Sobeys Uplands,"327 Bluefox Boulevard N,Lethbridge,Alberta,T1H 6T3"
a2t5o00000001E4AAI,Sobeys Tuscany Boulevard,"2020-11300 Tuscany Boulevard NW,Calgary,Alberta,T3L 2V7"
a2t5o00000001E5AAI,Sobeys Bridlewood,"100-2335 162 Avenue SW,Calgary,Alberta,T2Y 4S6"
a2t5o00000001E6AAI,Sobeys Test Location (No longer vaccinating),"149 Lansdowne Avenue,Saint John,New Brunswick,E2K 2Z9"
a2t5o00000001E7AAI,Safeway Shawnessey,"70 Shawville Boulevard SE,Calgary,Alberta,T2Y 2Z3"
a2t5o00000001E8AAI,Safeway Beddington,"8120 Beddington Blvd NW,Calgary,Alberta,T3K 2A8"
a2t5o00000001E9AAI,Safeway West Hills Towne Centre,"200 Stewart Green SW,Calgary,Alberta,T3H 3C8"
a2t5o00000001EAAAY,Safeway Fairway Plaza,"2750 Fairway Plaza Road S.,Lethbridge,Alberta,T1K 6Z3"
a2t5o00000001EBAAY,Safeway Bonnie Doon,"#185, 8330 - 82 Avenue NW,Edmonton,Alberta,T6C 0Y6"
a2t5o00000001ECAAY,Safeway Wetaskiwin,"3901 - 56 Street,Wetaskiwin,Alberta,T9A 2B1"
a2t5o00000001EDAAY,Safeway The Grange,"2534 Guardian Road,Edmonton,Alberta,T5T 1K8"
a2t5o00000001EEAAY,Safeway Aspen Landing,"375 Aspen Glen Landing SW,Calgary,Alberta,T3H 0N6"
a2t5o00000001EFAAY,Sobeys Royal Oak,"125-8888 Country Hills Boulevard NW,Calgary,Alberta,T3G 5T4"
a2t5o00000001EGAAY,Sobeys Okotoks,"700 Cornerstone, 201 Southridge Drive,Okotoks,Alberta,T1S 2E1"
a2t5o00000001EHAAY,Sobeys Country Hills,"200-500 Country Hills Boulevard NE,Calgary,Alberta,T3K 5H2"
a2t5o00000001EIAAY,Sobeys Millrise,"2000-150 Millrise  Boulevard SW,Calgary,Alberta,T2Y 5G7"
a2t5o00000001EJAAY,Sobeys Village Mall,"200-6380 50 Ave,Red Deer,Alberta,T4N 4C6"
a2t5o00000001EKAAY,Sobeys Beaumaris,"15367 Castledowns Road NW,Edmonton,Alberta,T5X 6C3"
a2t5o00000001ELAAY,Sobeys Mill Woods,"5011 23 Avenue NW,Edmonton,Alberta,T6L 7G5"
a2t5o00000001EMAAY,Sobeys Nottingham,"688 Wye Road,Sherwood Park,Alberta,T8A 6G3"
a2t5o00000001ENAAY,Sobeys Beaumont,"5802 - 50th Street,Beaumont,Alberta,T4X 1T8"
a2t5o00000001EOAAY,Sobeys Nolan Hill,"700 Nolan Hill Blvd NW,Calgary,Alberta,T3R 0J3"
a2t5o00000001EPAAY,Sobeys Mahogany,"1200, 7 Mahogany Plaza SE,Calgary,Alberta,T3M 2P8"
a2t5o00000001EQAAY,Safeway Medicine Hat Mall,"3292 Dunmore Road SE,Medicine Hat,Alberta,T1B 2R4"
a2t5o00000001ERAAY,Safeway Northgate,"399 - 36 Street NE,Calgary,Alberta,T2A 7R4"
a2t5o00000001ESAAY,IGA Banff,"318 Marten Street (BOX 1450),Banff,Alberta,T1L 1B4"
a2t5o00000001ETAAY,Safeway Westbrook Mall,"1200 - 37 Street SW,Calgary,Alberta,T3C 1S2"
a2t5o00000001EUAAY,Safeway Downtown,"813 - 11 Avenue SW,Calgary,Alberta,T2R 0E6"
a2t5o00000001EVAAY,Safeway Market Mall,"3625 Shaganappi Trail NW,Calgary,Alberta,T3A 0E2"
a2t5o00000001EWAAY,Safeway Mission,"524 Elbow Drive SW,Calgary,Alberta,T2S 2H6"
a2t5o00000001EXAAY,Safeway Beacon Heights,"#20, 1818 Centre Street NE,Calgary,Alberta,T2E 2S6"
a2t5o00000001EYAAY,Safeway Kensington,"6564 East Hastings Street,Burnaby,British Columbia,V5B 1S2"
a2t5o00000001EZAAY,Safeway Ogden,"7740 - 18 Street SE,Calgary,Alberta,T2C 2N5"
a2t5o00000001EaAAI,Safeway Woodbine Square,"2525 Woodview Drive SW,Calgary,Alberta,T2W 4N7"
a2t5o00000001EbAAI,Safeway Tower Lane Mall,"505 Main Street,Airdrie,Alberta,T4B 1E1"
a2t5o00000001EcAAI,Safeway Castleridge,"33 Castleridge Boulevard NE,Calgary,Alberta,T3J 3J8"
a2t5o00000001EdAAI,Safeway Crowfoot,"99 Crowfoot Crescent NW,Calgary,Alberta,T3G 2L5"
a2t5o00000001EeAAI,Safeway Meadowlark,"8720 - 156 Street,Edmonton,Alberta,T5R 5W9"
a2t5o00000001EfAAI,Sobeys Forest Lawn,"5101 17th Avenue SE,Calgary,Alberta,T2A 0V7"
a2t5o00000001EgAAI,Sobeys Namao Center,"9611-167 Ave NW,Edmonton,Alberta,T5Z 3L1"
a2t5o00000001EhAAI,Sobeys St. Albert,"392 St. Albert Road,St. Albert,Alberta,T8N 5J9"
a2t5o00000001EiAAI,Sobeys Gaetz South,"2110 50 Avenue,Red Deer,Alberta,T4R 2K1"
a2t5o00000001EjAAI,Sobeys Lewis Estates,"1030 Webber Greens Drive NW,Edmonton,Alberta,T5T 4K5"
a2t5o00000001EkAAI,FreshCo Tamarack,"2355 - 17 Street NW,Edmonton,Alberta,T6T 0Y2"
a2t5o00000001ElAAI,Sobeys Cranston,"356 Cranston Rd SE Unit 3000,Calgary,Alberta,T3M 0S9"
a2t5o00000001EmAAI,Sobeys Silverado,"704 - 19369 Sheriff King St. S.W.,Calgary,Alberta,T2X 0T9"
a2t5o00000001EnAAI,Sobeys Southbrook,"1109 James Mowatt Trail  ,Edmonton,Alberta,T6W 1S4"
a2t5o00000001EoAAI,Sobeys Airdrie,"100, 65 MacKenzie Way SW,Airdrie,Alberta,T4B 0V7"
a2t5o00000001EpAAI,Sobeys Hollick Kenyon,"5119-167 Avenue NW,Edmonton,Alberta,T5Y 0L2"
a2t5o00000001EqAAI,Sobeys Walker,"5309 Ellerslie Road S.W.,Edmonton,Alberta,T6X 1X2"
a2t5o00000001ErAAI,Safeway Whitehorn,"3550 32 Avenue NE,Calgary,Alberta,T1Y 6J2"
a2t5o00000001EsAAI,Safeway SouthCentre,"11011 Bonaventure Drive SE,Calgary,Alberta,T2J 6S1"
a2t5o00000001EtAAI,Safeway Glenmore Landing,"1600 - 90 Avenue SW,Calgary,Alberta,T2V 5A8"
a2t5o00000001EuAAI,Safeway Dalhousie Station,"5005 Dalhousie Drive NW,Calgary,Alberta,T3A 5R8"
a2t5o00000001EvAAI,Safeway Leduc,"6112 - 50 Street,Leduc,Alberta,T9E 6N7"
a2t5o00000001EwAAI,Safeway Riverbend Square,"576 Riverbend Square NW,Edmonton,Alberta,T6R 2E3"
a2t5o00000001ExAAI,Safeway Gateway,"300 - 2 Hebert Road,St. Albert,Alberta,T8N 5T8"
a2t5o00000001EyAAI,Safeway Inglewood,"395 St. Albert Trail,St. Albert,Alberta,T8N 5Z9"
a2t5o00000001EzAAI,Safeway Coliseum,"8118 - 118 Avenue NW,Edmonton,Alberta,T5B 0S1"
a2t5o00000001F0AAI,Safeway Oliver,"11410 - 104 Avenue NW,Edmonton,Alberta,T5K 2S5"
a2t5o00000001F2AAI,Safeway Wye Road,"985 Fir Street,Sherwood Park,Alberta,T8A 4N5"
a2t5o00000001F3AAI,Safeway Port O'Call Mall,"4408 50th Avenue,Red Deer,Alberta,T4N 3Z6"
a2t5o00000001F4AAI,Safeway Manning Crossing,"500 Manning Crossing NW,Edmonton,Alberta,T5A 5A1"
a2t5o00000001F5AAI,Safeway Terra Losa,"9710 - 170 Street NW,Edmonton,Alberta,T5T 5L5"
a2t5o00000001F6AAI,Safeway Cornerstone,"200, 6800 - 48 Avenue,Camrose,Alberta,T4V 4T1"
a2t5o00000001F7AAI,Safeway Stony Plain,"4202 South Park Drive,Stony Plain,Alberta,T7Z 1L1"
a2t5o00000001F8AAI,Safeway Callingwood,"600, 6655 - 178 Street NW,Edmonton,Alberta,T5T 4J5"
a2t5o00000001F9AAI,Safeway South View,"8100 - 100 Street,Grande Prairie,Alberta,T8V 6H7"
a2t5o00000001FAAAY,Safeway Pallisades Square,"12950 - 137 Avenue NW,Edmonton,Alberta,T5L 4Y8"
a2t5o00000001FBAAY,Safeway Westmount Centre,"601, 111 Ave and Groat Road,Edmonton,Alberta,T5M 3L7"
a2t5o00000001FCAAY,Safeway Northgate Centre,"200, 9499 - 137 Avenue NW,Edmonton,Alberta,T5E 5R8"
a2t5o00000001FDAAY,Safeway Capilano Shopping Centre,"5821 Terrace Road NW,Edmonton,Alberta,T6A 0A1"
a2t5o00000001FEAAY,Safeway Southgate,"100A, 5015 - 111 Street NW,Edmonton,Alberta,T6H 4M6"
a2t5o00000001FFAAY,Safeway Jasper Gates,"15007 Stony Plain Road NW,Edmonton,Alberta,T5P 4W1"
a2t5o00000001FGAAY,Safeway Windermere Safeway,"5110 Windermere Blvd,Edmonton,Alberta,T6W 0L9"
a2t5o00000001FHAAY,Safeway Downtown,"697 Bernard Avenue,Kelowna,British Columbia,V1Y 6P4"
a2t5o00000001FIAAY,Safeway Millbourne Mall,"38 Ave. & Millwoods Road,Edmonton,Alberta,T6K 3L6"
a2t5o00000001FJAAY,Safeway Saddle Ridge,"850 Saddletowne Circle NE,Calgary,Alberta,T3J 0H5"
a2t5o00000001FKAAY,Safeway Garrison Woods,"2425 - 34 Avenue SW,Calgary,Alberta,T2T 6E3"
a2t5o00000001FLAAY,Safeway North Hill Center,"#1846,1632 - 14 Avenue NW,Calgary,Alberta,T2N 1M7"
a2t5o00000001FMAAY,Safeway Cochrane,"304 - 5 Avenue West,Cochrane,Alberta,T4C 2A5"
a2t5o00000001FNAAY,Safeway Division Avenue,"615 Division Avenue South,Medicine Hat,Alberta,T1A 2J9"
a2t5o00000001FOAAY,Safeway Montgomery,"5048 16 Avenue NW,Calgary,Alberta,T3B 0N3"
a2t5o00000001FPAAY,Safeway Okotoks,"610 Big Rock Lane (Box 1380),Okotoks,Alberta,T1S 1B3"
a2t5o00000001FQAAY,Safeway Fort Saskatchewan,"9450 - 86 Avenue,Fort Saskatchewan,Alberta,T8L 4P4"
a2t5o00000001FRAAY,Safeway Garneau,"10930 - 82 Avenue NW,Edmonton,Alberta,T6G 0S8"
a2t5o00000001FSAAY,Safeway Brooks,"550 Cassils Road West,Brooks,Alberta,T1R 0W3"
a2t5o00000001FTAAY,Safeway Spruce Grove,"94 Mcleod Avenue,Spruce Grove,Alberta,T7X 1R2"
a2t5o00000001FUAAY,Safeway Thorncliffe,"5607 - 4 Street NW,Calgary,Alberta,T2K 1B3"
a2t5o00000001FVAAY,Safeway Canmore,"1200 Railway Avenue,Canmore,Alberta,T1W 1P4"
a2t5o00000001FWAAY,Safeway West Lethbridge,"1, 550 University Drive W.,Lethbridge,Alberta,T1J 4T3"
a2t5o00000001FXAAY,Safeway Heritage,"2304 - 109 Street NW,Edmonton,Alberta,T6J 5E5"
a2t5o00000001FYAAY,Safeway Lloydminster Mall,"5211 - 44 Street,Lloydminster,Alberta,T9V 0A7"
a2t5o00000001FZAAY,Safeway Sherwood Park Mall,"2020 Sherwood Drive,Sherwood Park,Alberta,T8A 3H9"
a2t5o00000001FaAAI,Safeway Abbotsfield Mall,"3210 - 118 Avenue NW,Edmonton,Alberta,T5W 0Z3"
a2t5o00000001FbAAI,Safeway South Trail Crossing,"#100, 4915 - 130 Avenue SE,Calgary,Alberta,T2Z 3V8"
a2t5o00000001FcAAI,Safeway Glamorgan,"3737 - 37 Street SW,Calgary,Alberta,T3E 6L6"
a2t5o00000001FdAAI,Safeway Chestermere Station,"100, 135 Chestermere Station Way,Chestermere,Alberta,T1X 1V2"
a2t5o00000001FeAAI,Lawtons Brunswick Square - Pfizer/Moderna,"39 King Street,Saint John,New Brunswick,E2L 4W3"
a2t5o00000001FfAAI,Lawtons Brookside Mall - Pfizer/Moderna,"435 Brookside Drive, Unit 5,Fredericton,New Brunswick,E3A 8V4"
a2t5o00000001FgAAI,Lawtons Sussex - Pfizer/Moderna,"138 Main Street, Suite 8,Sussex,New Brunswick,E4E 3E1"
a2t5o00000001FhAAI,Lawtons Moncton Nursing Home - Pfizer/Moderna,"800 Mountain Road,Moncton,New Brunswick,E1C 2R4"
a2t5o00000001FiAAI,Lawtons Mapleton - Pfizer/Moderna,"40 Mapleton Road,Moncton,New Brunswick,E1C 7W8"
a2t5o00000001FjAAI,Sobeys Saint John - Pfizer/Moderna,"149 Lansdowne Avenue,Saint John,New Brunswick,E2K 2Z9"
a2t5o00000001FkAAI,Sobeys Moncton Mall - Pfizer/Moderna,"1380 Mountain Road,Moncton,New Brunswick,E1C 2T8"
a2t5o00000001FlAAI,Sobeys Brookside Mall - Pfizer/Moderna,"463 Brookside Drive,Fredericton,New Brunswick,E3A 8V4"
a2t5o00000001FmAAI,Sobeys Uptown - Pfizer/Moderna,"1180 Prospect St,Fredericton,New Brunswick,E3B 5C7"
a2t5o00000001FnAAI,Sobeys Rothesay - Pfizer/Moderna,"140 Hampton Road,Rothesay,New Brunswick,E2E 2R1"
a2t5o00000001FoAAI,Sobeys East Point - Pfizer/Moderna,"40 East Point Way,Saint John,New Brunswick,E2J 0H4"
a2t5o00000001FpAAI,Sobeys Champlain Mall - Pfizer/Moderna,"477 Paul Street,Dieppe,New Brunswick,E1A 4X5"
a2t5o00000001FqAAI,Sobeys Miramichi - Pfizer/Moderna,"2485 King George Highway,Miramichi,New Brunswick,E1V 6W6"
a2t5o00000001FrAAI,Sobeys Riverview - Pfizer/Moderna,"1160 Findlay Blvd,Riverview,New Brunswick,E1B 0J6"
a2t5o00000001FsAAI,Sobeys Shediac - Pfizer/Moderna,"183 Main Street,Shediac,New Brunswick,E4P 2A5"
a2t5o00000001KJAAY,Lawtons Glace Bay,"290 Commercial Street,Glace Bay,Nova Scotia,B1A 3C6"
a2t5o00000001KKAAY,Lawtons Scotia Square,"5201 Duke Street,Halifax,Nova Scotia,B3J 1N9"
a2t5o00000001KLAAY,Lawtons Musquodoboit,"8003 7 Highway,Musquodoboit Harbour,Nova Scotia,B0J 2L0"
a2t5o00000001KMAAY,Lawtons Sydney,"540 George Street,Sydney,Nova Scotia,B1P 1K7"
a2t5o00000001KNAAY,Lawtons Northwood Terrace NHS,"2615 Northwood Terrace,Halifax,Nova Scotia,B3K 3S5"
a2t5o00000001KOAAY,Lawtons Sheet Harbour,"22624 7 Highway,Sheet Harbour,Nova Scotia,B0J 3B0"
a2t5o00000001KPAAY,Lawtons Gladstone,"6155 North Street,Halifax,Nova Scotia,B3K 5R3"
a2t5o00000001KQAAY,Lawtons Yarmouth,"76 Starrs Road,Yarmouth,Nova Scotia,B5A 2T5"
a2t5o00000001KRAAY,Lawtons Duffus Street,"5515 Duffus Street,Halifax,Nova Scotia,B3K 2M5"
a2t5o00000001KSAAY,Sobeys Pictou,"239 West River Road, PO Box 879,Pictou,Nova Scotia,B0K 1H0"
a2t5o00000001KTAAY,Sobeys Spryfield,"279 Herring Cove Road,Halifax,Nova Scotia,B3P 1M2"
a2t5o00000001KUAAY,Sobeys Barrington Passage,"3552 Highway 3,Barrington Passage,Nova Scotia,B0W 1G0"
a2t5o00000001KVAAY,Sobeys Glace Bay,"144 Reserve Street,Glace Bay,Nova Scotia,B1A 4W5"
a2t5o00000001KWAAY,Sobeys Timberlea,"65 Marketway Lane,Timberlea,Nova Scotia,B3T 1L5"
a2t5o00000001KXAAY,Sobeys Aberdeen Mall,"610 East River Road,New Glasgow,Nova Scotia,B2H 3S2"
a2t5o00000001KYAAY,Sobeys North Sydney,"116 King Street,North Sydney,Nova Scotia,B2A 3R7"
a2t5o00000001KZAAY,Sobeys Windsor Street,"2651 Windsor Street,Halifax,Nova Scotia,B3K 5C7"
a2t5o00000001KaAAI,Sobeys Queen Street,"1120 Queen Street,Halifax,Nova Scotia,B3H 2R9"
a2t5o00000001KbAAI,Sobeys Bedford,"955 Bedford Highway,Bedford,Nova Scotia,B4A 1A9"
a2t5o00000001KcAAI,Sobeys Truro,"68 Robie Street,Truro,Nova Scotia,B2N 1L2"
a2t5o00000001KdAAI,Sobeys Downsview,"752 Sackville Drive,Lower Sackville,Nova Scotia,B4E 1R7"
a2t5o00000001KeAAI,Sobeys Windsor,"50 Empire Lane, PO Box 2229,Windsor,Nova Scotia,B0N 2T0"
a2t5o00000001KfAAI,Sobeys Tantallon,"3650 Hammonds Plains Road,Upper Tantallon,Nova Scotia,B3Z 4R3"
a2t5o00000001KgAAI,Sobeys Digby,"110 Warwick Street, PO Box 937,Digby,Nova Scotia,B0V 1A0"
a2t5o00000001KhAAI,Sobeys Bedford South,"55 Peakview Way,Bedford,Nova Scotia,B3M 0G2"
a2t5o00000001KiAAI,Sobeys Sydney,"272B Prince Street,Sydney,Nova Scotia,B1P 5K6"
a2t5o00000001KjAAI,Sobeys Amherst Centre Mall,"140 South Albion Street,Amherst,Nova Scotia,B4H 4H4"
a2t5o00000001KkAAI,Sobeys Fall River,"3290 Highway 2 ,Fall River,Nova Scotia,B2T 1J5"
a2t5o00000001KlAAI,Sobeys Greenwood,"720 Central Avenue, PO Box 70,Kingston,Nova Scotia,B0P 1R0"
a2t5o00000001KmAAI,Sobeys New Minas,"9256 Commercial Street,New Minas,Nova Scotia,B4N 4A9"
a2t5o00000001KnAAI,Sobeys Russell Lake,"268 Baker Drive,Dartmouth,Nova Scotia,B2W 6L4"
a2t5o00000001KoAAI,Sobeys Tacoma,"60 Tacoma Drive,Dartmouth,Nova Scotia,B2W 3E5"
a2t5o00000001KpAAI,Sobeys Penhorn,"551 Portland St,Dartmouth,Nova Scotia,B2Y 4B1"
a2t5o00000001KqAAI,Sobeys First Lake Drive,"80 First Lake Drive,Lower Sackville,Nova Scotia,B4C 3E4"
a2t5o00000001KrAAI,Sobeys Wyse Road,"210 Wyse Road,Dartmouth,Nova Scotia,B3A 1M9"
a2t5o00000001KsAAI,Lawtons Mill Cove Nursing Home Services,"967 Bedford Highway, Suite 100,Bedford,Nova Scotia,B4A 1A9"
a2t5o00000001KtAAI,Lawtons Kentville,"363 Main Street,Kentville,Nova Scotia,B4N 1K7"
a2t5o00000001KuAAI,Lawtons New Minas,"20 Silver Fox Avenue,New Minas,Nova Scotia,B4N 0E4"
a2t5o00000001KvAAI,Lawtons Amherst,"2 Lawrence Street, Suite 101,Amherst,Nova Scotia,B4H 3G5"
a2t5o00000001KwAAI,Lawtons East River Road,"810 East River Road,New Glasgow,Nova Scotia,B2H 3S3"
a2t5o00000001KxAAI,Lawtons Bridgewater,"26 North Street,Bridgewater,Nova Scotia,B4V 2V6"
a2t5o00000001KyAAI,Lawtons Bedford South,"27 Peakview Way,Bedford,Nova Scotia,B3M 0G2"
a2t5o00000001KzAAI,Lawtons Lower Sackville,"665 Sackville Dr,Lower Sackville,Nova Scotia,B4C 2S4"
a2t5o00000001L0AAI,Lawtons Porters Lake,"5228 7 Highway, Unit 17,Porters Lake,Nova Scotia,B3E 1J8"
a2t5o00000001L1AAI,Lawtons East River Road LTC,"810 East River Road, Unit 200 ,New Glasgow,Nova Scotia,B2H 3S3"
a2t5o00000001L2AAI,Lawtons Russell Lake,"240 Baker Drive,Dartmouth,Nova Scotia,B2W 6L4"
a2t5o00000001L3AAI,Lawtons Spryfield,"16 Dentith Road, Unit A10,Halifax,Nova Scotia,B3R 2H9"
a2t5o00000001L4AAI,Lawtons Kings Road,"196 Kings Road,Sydney,Nova Scotia,B1S 1A1"
a2t5o00000001L5AAI,Lawtons Halifax Shopping Centre,"7001 Mumford Road,Halifax,Nova Scotia,B3L 2H8"
a2t5o00000001L6AAI,Lawtons New Waterford,"3415 Plummer Avenue,New Waterford,Nova Scotia,B1H 1Z2"
a2t5o00000001L7AAI,Lawtons Kelligrews,"645 Conception Bay Highway, Suite 102,Conception Bay South,Newfoundland and Labrador,A1X 7L5"
a2t5o00000001L8AAI,Lawtons Avalon Mall,"48 Kenmount Road,St. John's,Newfoundland and Labrador,A1B 1W3"
a2t5o00000001L9AAI,Lawtons Campbell Avenue,"37 Campbell Avenue,St. John's,Newfoundland and Labrador,A1E 2Z3"
a2t5o00000001LAAAY,Lawtons Wedgewood,"12 Gleneyre Street,St. John's,Newfoundland and Labrador,A1A 2M7"
a2t5o00000001LBAAY,Sobeys Yarmouth,"76 Starrs Road,Yarmouth,Nova Scotia,B5A 2T5"
a2t5o00000001LCAAY,Sobeys Panavista,"612 Main Street  7 Highway,Dartmouth,Nova Scotia,B2W 5M5"
a2t5o00000001LDAAY,Sobeys Sydney River,"95 Keltic Drive,Sydney River ,Nova Scotia,B1S 1P4"
a2t5o00000001LEAAY,Sobeys Clayton Park,"287 Lacewood Drive,Halifax,Nova Scotia,B3M 3Y7"
a2t5o00000001LFAAY,Sobeys New Glasgow,"38 George Street,New Glasgow,Nova Scotia,B2H 2K1"
a2t5o00000001LGAAY,Lawtons Sydney Rehab Equipment Centre,"124 Pitt Street,Sydney,Nova Scotia,B1P 5X9"
a2t5o00000001LHAAY,Lawtons Lawtons Cape Breton NHS,"185 Bentinck Street, Suite 202,Sydney,Nova Scotia,B1P 1G7"
a2t5o00000001LIAAY,Lawtons Mill Cove,"965 Bedford Highway,Bedford,Nova Scotia,B4A 1A9"
a2t5o00000001LJAAY,Sobeys Truro Prince Street,"985 Prince Street,Truro,Nova Scotia,B2N 1H7"
a2t5o00000001LKAAY,Lawtons Truro,"316 Willow Street,Truro,Nova Scotia,B2N 5A4"
a2t5o00000001LLAAY,Sobeys Montague,"76-87 Main Street Po Box 310,Montague,Prince Edward Island,C0A 1R0"
a2t5o00000001LMAAY,Lawtons Friendly's Charlottetown,"220 Water Street,Charlottetown,Prince Edward Island,C1A 9M5"
a2t5o00000001LNAAY,Sobeys Summerside,"475 Granville Street,Summerside,Prince Edward Island,C1N 4P7"
a2t5o00000001LOAAY,Sobeys University Avenue,"400 University Avenue,Charlottetown,Prince Edward Island,C1A 4N6"
a2t5o00000001LPAAY,Lawtons Westville,"1886 Main Street,Westville,Nova Scotia,B0K 2A0"
a2t5o00000001LQAAY,Sobeys Halifax Shop Annex - Travel Wellness Clinic,"6960 Mumford Road,Halifax,Nova Scotia,B3L 4P1"
a2t5o00000001LRAAY,Lawtons Westphal,"90 Main Street,Dartmouth,Nova Scotia,B2X 1R5"
a2t5o00000001LSAAY,Lawtons Cobequid Road,"157-159 Cobequid Road,Lower Sackville,Nova Scotia,B4C 2N1"
a2t5o00000001LTAAY,Sobeys Topsail Road,"470 Topsail Road,St. John's,Newfoundland and Labrador,A1E 2C3"
a2t5o00000001LUAAY,Lawtons Deer Lake,"4 Farm Road,Deer Lake,Newfoundland and Labrador,A8A 1J4"
a2t5o00000001LVAAY,Lawtons Springdale,"190 Main Street, PO Box 640,Springdale,Newfoundland and Labrador,A0J 1T0"
a2t5o00000001LWAAY,Lawtons Gander,"177 Elizabeth Drive,Gander,Newfoundland and Labrador,A1V 1H6"
a2t5o00000001LXAAY,Sobeys Conception Bay,"350 Conception Bay Hwy,Conception Bay South,Newfoundland and Labrador,A1X 7A3"
a2t5o00000001LYAAY,Lawtons Topsail Road,"496 Topsail Road,St. John's,Newfoundland and Labrador,A1E 2C2"
a2t5o00000001LZAAY,Lawtons Clarke's Beach,"123 Conception Bay Highway, PO Box 550,Clarke's Beach,Newfoundland and Labrador,A0A 1W0"
a2t5o00000001LaAAI,Lawtons Downtown Pharmacy,"3 Herald Avenue,Corner Brook,Newfoundland and Labrador,A2H 4B8"
a2t5o00000001LbAAI,Sobeys Mt. Pearl,"50 Old Placentia Road,Mount Pearl,Newfoundland and Labrador,A1N 4Y1"
a2t5o00000001LcAAI,Sobeys Merrymeeting Road,"8 Merrymeeting Road,St. John's,Newfoundland and Labrador,A1C 2V5"
a2t5o00000001LdAAI,FoodLand Bay Roberts,"Beaver Plaza, PO Box 730,Bay Roberts,Newfoundland and Labrador,AOA 1G0"
a2t5o00000001LeAAI,FoodLand Grand Bank,"Highway Route 220,Grand Bank,Newfoundland and Labrador,A0E 1W0"
a2t5o00000001LfAAI,Lawtons Charlottetown,"199 Grafton Street,Charlottetown,Prince Edward Island,C1A 1L2"
a2t5o00000001LgAAI,Sobeys West Royalty,"39 Babineau Avenue,Charlottetown,Prince Edward Island,C1A 0C9"
a2t5o00000001LhAAI,Sobeys Mount Bernard Avenue,"1 Mount Bernard Avenue,Corner Brook,Newfoundland and Labrador,A2H 6Y5"
a2t5o00000001LiAAI,Lawtons Paradise,"1386 Topsail Road,Paradise,Newfoundland and Labrador,A1L 1P6"
a2t5o00000001LjAAI,Lawtons Elizabeth Avenue,"11 Elizabeth Avenue,St. John's,Newfoundland and Labrador,A1A 1W6"
a2t5o00000001LkAAI,Lawtons Corner Brook,"P.O Box 130, 137 O'Connell Drive,Corner Brook,Newfoundland and Labrador,A2H 5M8"
a2t5o00000001LlAAI,Lawtons Trepassey,"80 Nurse Abernethy Clinic,Trepassey,Newfoundland and Labrador,A0A 4B0"
a2t5o00000001LmAAI,Lawtons Sherwood Centre,"161 St. Peter's Road,Charlottetown,Prince Edward Island,C1A 5P7"
a2t5o00000001LnAAI,Lawtons Montague,"407 MacIntyre Ave, PO Box 670,Montague,Prince Edward Island,C0A 1R0"
a2t5o00000001LoAAI,FreshCo Kildonan Crossing,"500-1615 Regent Ave W,Winnipeg,Manitoba,R2C 5C6"
a2t5o00000001LpAAI,FreshCo Jefferson,"920 Jefferson Avenue,Winnipeg,Manitoba,R2P 1W1"
a2t5o00000001LqAAI,Safeway Sargent,"600 Sargent Ave.,Winnipeg,Manitoba,R3E 0A1"
a2t5o00000001LrAAI,Safeway Niakwa Village,"2 Alpine Avenue,Winnipeg,Manitoba,R2M 0Y5"
a2t5o00000001LsAAI,Safeway Pembina & McGillivray,"1319 Pembina Highway,Winnipeg,Manitoba,R3T 2B6"
a2t5o00000001LtAAI,Safeway River East Plaza,"1441 Henderson Hwy.,Winnipeg,Manitoba,R2G 1N4"
a2t5o00000001LuAAI,Safeway Ness & Madison,"1612 Ness Avenue,Winnipeg,Manitoba,R3J 3X3"
a2t5o00000001LvAAI,FreshCo Sargent,"600 Sargent Ave.,Winnipeg,Manitoba,R3E 0A1"
a2t5o00000001LwAAI,Safeway Mountain & McGregor,"594 Mountain At McGregor,Winnipeg,Manitoba,R2W 1L2"
a2t5o00000001LxAAI,Lawtons Tantallon,"5110 St Margaret's Bay Rd, Suite 101,Upper Tantallon,Nova Scotia,B3Z 1E2"
a2t5o00000001LyAAI,Sobeys Sobeys 2761 Central-Fill,"2-1220 Hammonds Plains Rd,Hammonds Plains,Nova Scotia,B4B 1B4"
a2t5o00000001LzAAI,FoodLand St. Peters,"10004 Grenville Street,  PO Box 39,St. Peters,Nova Scotia,B0E 3B0"
a2t5o00000001M0AAI,Lawtons Centennial Square,"279 - 8 Centennial Square,Mount Pearl,Newfoundland and Labrador,A1N 2C3"
a2t5o00000001M1AAI,Lawtons Lewisporte,"486 Main Street W.,Lewisporte,Newfoundland and Labrador,A0G 3A0"
a2t5o00000001M2AAI,Lawtons Placentia,"29-34 Prince William Drive,Placentia,Newfoundland and Labrador,A0B 2Y0"
a2t5o00000001M3AAI,Sobeys Torbay,"360 Torbay Road,St. John's,Newfoundland and Labrador,A1A 4E1"
a2t5o00000001M4AAI,Sobeys Ropewalk Lane,"65 Ropewalk Lane,St. John's,Newfoundland and Labrador,A1E 4P1"
a2t5o00000001M5AAI,Sobeys Grand Falls,"21 Cromer Avenue,Grand Falls,Newfoundland and Labrador,A2A 1X3"
a2t5o00000001M6AAI,Sobeys Kenmount,"45 Kelsey Drive,St. John's ,Newfoundland and Labrador,A1B 5C8"
a2t5o00000001M7AAI,Sobeys Howley Estates,"10 Elizabeth Avenue East,St. John's,Newfoundland and Labrador,A1A 1W4"
a2t5o00000001M8AAI,Sobeys Marystown,"1 - 23 Columbia Drive   PO BOX 397,Marystown,Newfoundland and Labrador,A0E 2M0"
a2t5o00000001M9AAI,Lawtons Summerside,"475 Granville Street,Summerside,Prince Edward Island,C1N 4P7"
a2t5o00000001MAAAY,FreshCo Pembina & McGillivray,"1319 Pembina Highway,Winnipeg,Manitoba,R3T 2B6"
a2t5o00000001MBAAY,Safeway Selkirk,"318 Manitoba Avenue,Selkirk,Manitoba,R1A OY7"
a2t5o00000001MCAAY,Sobeys Rochdale,"4101 Rochdale Boulevard,Regina,Saskatchewan,S4X 4P7"
a2t5o00000001MDAAY,FreshCo Blundell & No 2,"6140 Blundell Road,Richmond,British Columbia,V7C 1H8"
a2t5o00000001MEAAY,FreshCo No 3 & Williams,"10151 No. 3 Road,Richmond,British Columbia,V7A 4R6"
a2t5o00000001MFAAY,FreshCo Chalo 138 St & 72 Ave,"7165 138 Street,Surrey,British Columbia,V3W 7T9"
a2t5o00000001MGAAY,FreshCo Mission,"32520 Lougheed Highway,Mission,British Columbia,V2V 1A5"
a2t5o00000001MHAAY,Sobeys St Anne's,"1939 Bishop Grandin Boulevard,Winnipeg,Manitoba,R2M 5S1"
a2t5o00000001MIAAY,Sobeys Reenders,"#7 Reenders Drive,Winnipeg,Manitoba,R2C 5K5"
a2t5o00000001MJAAY,Sobeys St. Vital,"1500 Dakota Street,Winnipeg,Manitoba,R2N 3Y7"
a2t5o00000001MKAAY,Sobeys Steinbach,"1-178 PTH 12N ClearSpring Centre box 3089,Steinbach,Manitoba,R5G 1T7"
a2t5o00000001MLAAY,Sobeys Kenaston,"1660 Kenaston Boulevard,Winnipeg,Manitoba,R3P 2M6"
a2t5o00000001MMAAY,Safeway Surrey Centre,"10355 King George Hwy,Surrey,British Columbia,V3T 2W6"
a2t5o00000001MNAAY,Safeway West Broadway,"2733 West Broadway,Vancouver,British Columbia,V6K 2G5"
a2t5o00000001MOAAY,Safeway Sunshine Hills,"6401 - 120 Street,North Delta,British Columbia,V4E 3G3"
a2t5o00000001MPAAY,Safeway Westview Mall,"#780, 2601 Westview Drive,North Vancouver,British Columbia,V7N 3X4"
a2t5o00000001MQAAY,Safeway Robson,"1766 Robson Street,Vancouver,British Columbia,V6G 1E2"
a2t5o00000001MRAAY,Safeway Shaughnessy Station,"1100, 2850 Shaughnessy Street,Port Coquitlam,British Columbia,V3C 6K5"
a2t5o00000001MSAAY,Safeway Ocean Park,"12825 - 16 Avenue,Surrey,British Columbia,V4A 1N5"
a2t5o00000001MTAAY,Safeway King Edward Mall,"990 King Edward Avenue West,Vancouver,British Columbia,V5Z 2E2"
a2t5o00000001MUAAY,Safeway West 4th & Vine,"2315 West 4 Avenue,Vancouver,British Columbia,V6K 1P2"
a2t5o00000001MVAAY,Safeway Terrace,"4655 Lakelse Avenue,Terrace,British Columbia,V8G 1R3"
a2t5o00000001MWAAY,Safeway Nelson,"211 Anderson,Nelson,British Columbia,V1L 3X8"
a2t5o00000001MXAAY,Safeway Lynn Valley,"1170 East 27 Street,North Vancouver,British Columbia,V7J 1S1"
a2t5o00000001MYAAY,Safeway Smithers,"3664 Highway 16 (Box 459),Smithers,British Columbia,V0J 2N0"
a2t5o00000001MZAAY,Safeway Penticton Plaza,"801, 1301 Main Street,Penticton,British Columbia,V2A 5E9"
a2t5o00000001MaAAI,Safeway Parkgate Village,"1175 Mt. Seymour Road,North Vancouver,British Columbia,V7H 2Y4"
a2t5o00000001MbAAI,Lawtons NL Wholesle Division,"1 Home Street, Donovan's Industrial Park,Mount Pearl,Newfoundland and Labrador,A1N 4T5"
a2t5o00000001McAAI,Lawtons NS Wholesale Division,"81 Thornhill Drive,Dartmouth,Nova Scotia,B3B 1R9"
a2t5o00000001MdAAI,Sobeys Preston,"1739 Preston Avenue North,Saskatoon,Saskatchewan,S7N 4V2"
a2t5o00000001MeAAI,FreshCo Regent Park,"3859 Sherwood Drive,Regina,Saskatchewan,S4R 4A8"
a2t5o00000001MfAAI,FreshCo Confederation,"300 Confederation Drive,Saskatoon,Saskatchewan,S7L 4R6"
a2t5o00000001MgAAI,FreshCo 33rd Street,"302 - 33 Street West,Saskatoon,Saskatchewan,S7L 0V4"
a2t5o00000001MhAAI,FreshCo Market Mall,"2325 Preston Avenue,Saskatoon,Saskatchewan,S7J 2G1"
a2t5o00000001MiAAI,Sobeys Northdale,"965 Henderson Highway,Winnipeg,Manitoba,R2K 2M2"
a2t5o00000001MjAAI,Sobeys Birds Hill,"3156 Birds Hill Rd., PO Box 38108,East St. Paul,Manitoba,R2E 1G9"
a2t5o00000001MkAAI,Sobeys Rivergrove,"2575 Main Street,Winnipeg ,Manitoba,R2V 4W3"
a2t5o00000001MlAAI,Sobeys Kildonan,"50 Kildonan Green Drive,Winnipeg,Manitoba,R3W 0H1"
a2t5o00000001MmAAI,Sobeys Varsity,"1550 8th Street East,Saskatoon,Saskatchewan,S7H 0T3"
a2t5o00000001MnAAI,Safeway 13th Avenue,"2931 - 13 Avenue,Regina,Saskatchewan,S4T 1N8"
a2t5o00000001MoAAI,Safeway Moose Jaw,"200 - 1 Avenue North West,Moose Jaw,Saskatchewan,S6H 1K9"
a2t5o00000001MpAAI,Safeway Victoria Square,"2223 Victoria Avenue East,Regina,Saskatchewan,S4N 6E4"
a2t5o00000001MqAAI,Sobeys Stonebridge Sobeys,"3100 Preston Ave. S.,Saskatoon,Saskatchewan,S7T 0V1"
a2t5o00000001MrAAI,Sobeys Estevan,"440 King Street,Estevan,Saskatchewan,S4A 2B4"
a2t5o00000001MsAAI,Safeway Arbutus,"2101 Lahb Ave (Off Arbutus Street),Vancouver,British Columbia,V6L 0B9"
a2t5o00000001MtAAI,Safeway Austin Heights,"1033 Austin Ave,Coquitlam,British Columbia,V3K 2P2"
a2t5o00000001MuAAI,Safeway Davie Street,"1611 Davie Street,Vancouver,British Columbia,V6G 1V9"
a2t5o00000001MvAAI,Safeway Central Fill Facility and Compounding Centre,"105, 19515 - 56th Ave ,Surrey,British Columbia,V3S 6K3"
a2t5o00000001MwAAI,ThriftyFoods James Bay,"475 Simcoe Street,Victoria,British Columbia,V8V 4T4"
a2t5o00000001MxAAI,Safeway River Avenue,"499 River Avenue,Winnipeg,Manitoba,R3L 0C9"
a2t5o00000001MyAAI,Sobeys Pembina,"2850 Pembina Highway,Winnipeg,Manitoba,R3T 6E4"
a2t5o00000001MzAAI,Sobeys Unicity,"3635 Portage Avenue,Winnipeg,Manitoba,R3K 2G6"
a2t5o00000001N0AAI,Sobeys Brandon South,"1570 18th Street,Brandon,Manitoba,R7A 5C5"
a2t5o00000001N1AAI,Sobeys Grant Park,"1150 Taylor Avenue,Winnipeg,Manitoba,R3M 3Z4"
a2t5o00000001N2AAI,FreshCo Chalo 120 St & 72 Ave,"7450 120 Street,Surrey,British Columbia,V3W 3M9"
a2t5o00000001N3AAI,FreshCo Aldergrove,"27566 Fraser Highway,Aldergrove,British Columbia,V4W 3N5"
a2t5o00000001N4AAI,FreshCo Chilliwack,"45858 Yale Road,Chilliwack,British Columbia,V2P 2N9"
a2t5o00000001N5AAI,FreshCo Maple Ridge,"300, 20201 Lougheed Hwy,Maple Ridge,British Columbia,V2X 2P6"
a2t5o00000001N6AAI,FreshCo Clearbrook Town Square,"100, 32500 S. Fraser Way,Abbotsford,British Columbia,V2T 4W1"
a2t5o00000001N7AAI,Safeway Caulfeild Village,"5385 Headland Drive,West Vancouver,British Columbia,V7W 3C7"
a2t5o00000001N8AAI,Safeway Burnaby Heights,"4440 Hastings Street,Burnaby,British Columbia,V5C 2K2"
a2t5o00000001N9AAI,Safeway Fraser Crossing,"20871 Fraser Highway,Langley,British Columbia,V3A 4G7"
a2t5o00000001NAAAY,Safeway Penninsula Village,"700, 15355 - 24 Avenue,Surrey,British Columbia,V4A 2H9"
a2t5o00000001NBAAY,ThriftyFoods Duncan,"2755 Beverly Street,Duncan,British Columbia,V9L 6X2"
a2t5o00000001NCAAY,ThriftyFoods Morgan Crossing,"102-15745 Croydon Drive,Surrey,British Columbia,V3S 2L5"
a2t5o00000001NDAAY,ThriftyFoods Crown Isle,"123 - 444 Lerwick Road,Courtenay,British Columbia,V9N 0A9"
a2t5o00000001NEAAY,ThriftyFoods Belmont,"3011 Merchant Way,Langford,British Columbia,V9B 0W9"
a2t5o00000001NFAAY,ThriftyFoods Courtenay,"1551 Cliffe Avenue,Courtenay,British Columbia,V9N 2K6"
a2t5o00000001NGAAY,Safeway Marion & Braemar,"285 Marion At Braemar,Winnipeg,Manitoba,R2H OT8"
a2t5o00000001NHAAY,Safeway Osborne & Kylemore,"655 Osborne At Kylemore,Winnipeg,Manitoba,R3L 2B7"
a2t5o00000001NIAAY,Safeway Pembina Village,"2155 Pembina Highway,Winnipeg,Manitoba,R3T 5S9"
a2t5o00000001NJAAY,Safeway Tyndall Square,"850 Keewatin Street,Winnipeg,Manitoba,R2R 0Z5"
a2t5o00000001NKAAY,Safeway Tuxedo,"2025 Corydon At Edgeland,Winnipeg,Manitoba,R3P 0N5"
a2t5o00000001NLAAY,FreshCo Williams Lake,"451 Oliver Street,Williams Lake,British Columbia,V2G 1M5"
a2t5o00000001NMAAY,FreshCo Sahali,"945 West Columbia,Kamloops,British Columbia,V2C 1L5"
a2t5o00000001NNAAY,FreshCo Dilworth Centre,"500, 2339 Hwy 97 North,Kelowna,British Columbia,V1X 4H9"
a2t5o00000001NOAAY,FreshCo Downtown,"3417 - 30 Avenue,Vernon,British Columbia,V1T 2E3"
a2t5o00000001NPAAY,FreshCo Powell River,"7040 Barnet Street,Powell River,British Columbia,V8A 2A1"
a2t5o00000001NQAAY,Safeway Broadway & Commercial,"1780 East Broadway,Vancouver,British Columbia,V5N 1W3"
a2t5o00000001NRAAY,Safeway Seafair,"8671 No. 1 Road,Richmond,British Columbia,V7C 1V2"
a2t5o00000001NSAAY,Safeway Sardis,"45610 Luckakuck Way,Chilliwack,British Columbia,V2R 1A2"
a2t5o00000001NTAAY,Safeway Castlegar,"1721 Columbia Avenue,Castlegar,British Columbia,V1N 2W6"
a2t5o00000001NUAAY,Safeway Dawson Creek,"11200, 11216 - 8 Street,Dawson Creek,British Columbia,V1G 3R4"
a2t5o00000001NVAAY,Safeway Fort St. John,"9123 - 100 Street,Fort St. John,British Columbia,V1J 3X3"
a2t5o00000001NWAAY,Safeway Cranbrook Mall,"1200 Baker Street,Cranbrook,British Columbia,V1C 1A8"
a2t5o00000001NXAAY,Safeway Marpole,"8475 Granville St,Vancouver,British Columbia,V6P 4Z9"
a2t5o00000001NYAAY,Safeway Burquitlam,"580 Clarke Road,Coquitlam,British Columbia,V3J 3X5"
a2t5o00000001NZAAY,Safeway Crestview,"3393 Portage Avenue,Winnipeg,Manitoba,R3K 2G7"
a2t5o00000001NaAAI,Safeway Charleswood Centre,"3900 Grant Avenue,Winnipeg,Manitoba,R3R 3C2"
a2t5o00000001NbAAI,FreshCo Niakwa Village,"2 Alpine Avenue,Winnipeg,Manitoba,R2M 0Y5"
a2t5o00000001NcAAI,Safeway Kildare,"654 Kildare Avenue East,Winnipeg,Manitoba,R2C 0P8"
a2t5o00000001NdAAI,Safeway Lindenridge,"1625 Kenaston Boulevard,Winnipeg,Manitoba,R3P 2M4"
a2t5o00000001NeAAI,Safeway Corral Centre,"921 - 18 Street North,Brandon,Manitoba,R7A 7S1"
a2t5o00000001NfAAI,Safeway City Centre Mall,"300 Mystery Lake Road,Thompson,Manitoba,R8N 0M2"
a2t5o00000001NgAAI,Safeway Fortune,"750 Fortune Drive,Kamloops,British Columbia,V2B 2L2"
a2t5o00000001NhAAI,Safeway McBride,"800 McBride Boulevard,New Westminster,British Columbia,V3L 2B8"
a2t5o00000001NiAAI,Safeway Willowbrook Mall,"6153 - 200 Street,Langley,British Columbia,V2Y 1A2"
a2t5o00000001NjAAI,Safeway Vernon Square Mall,"4300 - 32 Street,Vernon,British Columbia,V1T 9H1"
a2t5o00000001NkAAI,Safeway Fleetwood,"8860 - 152 Street,Surrey,British Columbia,V3R 4E4"
a2t5o00000001NlAAI,ThriftyFoods Parksville,"280 East Island Highway,Parksville,British Columbia,V9P 2H1"
a2t5o00000001NmAAI,ThriftyFoods Cloverdale,"3475 Quadra Street,Victoria,British Columbia,V8X 1G8"
a2t5o00000001NnAAI,ThriftyFoods Longwood Station,"5801 Turner Road,Nanaimo,British Columbia,V9T 6L8"
a2t5o00000001NoAAI,ThriftyFoods Campbell River,"1400 Ironwood Road,Campbell River,British Columbia,V9W 5T5"
a2t5o00000001NpAAI,ThriftyFoods Port Moody,"170 Brew Street,Port Moody,British Columbia,V3H 0E7"
a2t5o00000001NqAAI,Safeway Lawson Heights,"1-134 Primrose Drive ,Saskatoon,Saskatchewan,S7K 5S6"
a2t5o00000001NrAAI,Safeway University Heights,"1860 McOrmond Drive,Saskatoon,Saskatchewan,S7S 0A5"
a2t5o00000001NsAAI,Safeway Southland Mall,"3015 Gordon Road,Regina,Saskatchewan,S4S 6H7"
a2t5o00000001NtAAI,Safeway South Hill Mall,"2995 - 2 Avenue West,Prince Albert,Saskatchewan,S6V 5V5"
a2t5o00000001NuAAI,Safeway Northgate Mall,"353 Albert Street North,Regina,Saskatchewan,S4R 3C3"
a2t5o00000001NvAAI,Safeway Trail,"1599 - 2 Avenue,Trail,British Columbia,V1R 1M3"
a2t5o00000001NwAAI,Safeway Quesnel,"445 Reid Street,Quesnel,British Columbia,V2J 2M7"
a2t5o00000001NxAAI,Safeway Prince Rupert,"200 - 2 Avenue West,Prince Rupert,British Columbia,V8J 1G5"
a2t5o00000001NyAAI,Safeway New Westminster Station,"220, 800 Carnarvon Street .,New Westminster,British Columbia,V3M 0G3"
a2t5o00000001K4AAI,Safeway Kensington,"410 - 10 Street NW,Calgary,Alberta,T2N 1V9"
a2t5o00000001K5AAI,Safeway Northgate,"9925 - 114 Avenue,Grande Prairie,Alberta,T8V 4A9"
a2t5o00000001K6AAI,Safeway Downtown,"9601 Franklin Avenue,Fort McMurray,Alberta,T9H 2J8"
a2t5o00000001K7AAI,Sobeys Stratford Ontario,"581 Huron St, Unit #1,Stratford,Ontario,N5A 5T8"
a2t5o00000001K9AAI,Lawtons Portland Street,"46 Portland Street,Dartmouth,Nova Scotia,B2Y 1H4"
a2t5o00000001KAAAY,Lawtons Antigonish,"133 Church Street,Antigonish,Nova Scotia,B2G 2E3"
a2t5o00000001KBAAY,Lawtons Bayers Road,"7071 Bayers Road,Halifax,Nova Scotia,B3L 2C2"
a2t5o00000001KCAAY,Lawtons Lord Nelson,"5665 Spring Garden Road,Halifax,Nova Scotia,B3J 1G9"
a2t5o00000001KDAAY,Lawtons Windsor,"25 Wentworth Road PO Box 790,Windsor,Nova Scotia,B0N 2T0"
a2t5o00000001KEAAY,Lawtons Primrose Street,"6 Primrose Street, Suite 110,Dartmouth,Nova Scotia,B3A 4C5"
a2t5o00000001KFAAY,Lawtons Cole Harbour Road,"950 Cole Harbour Road,Dartmouth,Nova Scotia,B2V 1E6"
a2t5o00000001KGAAY,Lawtons Clayton Park,"287 Lacewood Drive,Halifax,Nova Scotia,B3M 3Y7"
a2t5o00000001KHAAY,Lawtons Spring Garden Road,"5991 Spring Garden Road, Suite 100,Halifax,Nova Scotia,B3H 1Y6"
a2t5o00000001KIAAY,Lawtons Shelburne,"115 King Street,Shelburne,Nova Scotia,B0T 1W0"
a2t5o00000001NzAAI,Safeway Collingwood,"3410 Kingsway Street,Vancouver,British Columbia,V5R 5L4"
a2t5o00000001XMAAY,Sobeys Vaughan Harvey - AstraZeneca,"55 Vaughan Harvey Boulevard,Moncton,New Brunswick,E1C 0N3"
a2t5o00000001XNAAY,Sobeys Saint John West - AstraZeneca,"1 Plaza Avenue,Saint John,New Brunswick,E2M 0C2"
a2t5o00000001XOAAY,Sobeys Elmwood Drive - AstraZeneca,"77 Filles de Jesus Avenue,Moncton,New Brunswick,E1A 9G6"
a2t5o00000001XPAAY,Sobeys Regent - AstraZeneca,"407 Regent Street,Fredericton,New Brunswick,E3B 3X6"
a2t5o00000001XQAAY,Sobeys Miramichi Road - AstraZeneca,"375 Miramichi Road,Oromocto,New Brunswick,E2V 4T4"
a2t5o00000001XRAAY,Sobeys Bathurst - AstraZeneca,"1125 St.  Peter Avenue,Bathurst,New Brunswick,E2A 3A1"
a2t5o00000001XSAAY,Lawtons Saint John Nursing Home Services - AstraZeneca,"107 Catherwood Street, Suite 212,Saint John,New Brunswick,E2M 5J7"
a2t5o00000001XTAAY,Lawtons Catherwood - AstraZeneca,"107 Catherwood Street,Saint John,New Brunswick,E2M 5J7"
a2t5o00000001XUAAY,Lawtons Elmwood Drive - AstraZeneca,"565 Elmwood Drive,Moncton,New Brunswick,E1A 2X4"
a2t5o00000001XVAAY,Lawtons Regent Mall - AstraZeneca,"1381 Regent Street,Fredericton,New Brunswick,E3C 1A2"
a2t5o00000001XWAAY,Lawtons McAllister Place - AstraZeneca,"519 Westmorland Road,Saint John,New Brunswick,E2J 3W9"
a2t5o00000001XXAAY,Sobeys Caraquet - AstraZeneca,"10 Boulevard St. Pierre East,Caraquet,New Brunswick,E1W 1B6"
a2t5o00000001XYAAY,Lawtons Brunswick Square - AstraZeneca,"39 King Street,Saint John,New Brunswick,E2L 4W3"
a2t5o00000001XZAAY,Lawtons Brookside Mall - AstraZeneca,"435 Brookside Drive, Unit 5,Fredericton,New Brunswick,E3A 8V4"
a2t5o00000001XaAAI,Lawtons Sussex - AstraZeneca,"138 Main Street, Suite 8,Sussex,New Brunswick,E4E 3E1"
a2t5o00000001XbAAI,Lawtons Moncton Nursing Home - AstraZeneca,"800 Mountain Road,Moncton,New Brunswick,E1C 2R4"
a2t5o00000001XcAAI,Lawtons Mapleton - AstraZeneca,"40 Mapleton Road,Moncton,New Brunswick,E1C 7W8"
a2t5o00000001XdAAI,Sobeys Saint John - AstraZeneca,"149 Lansdowne Avenue,Saint John,New Brunswick,E2K 2Z9"
a2t5o00000001XeAAI,Sobeys Moncton Mall - AstraZeneca,"1380 Mountain Road,Moncton,New Brunswick,E1C 2T8"
a2t5o00000001XfAAI,Sobeys Brookside Mall - AstraZeneca,"463 Brookside Drive,Fredericton,New Brunswick,E3A 8V4"
a2t5o00000001XgAAI,Sobeys Uptown - AstraZeneca,"1180 Prospect St,Fredericton,New Brunswick,E3B 5C7"
a2t5o00000001XhAAI,Sobeys Rothesay - AstraZeneca,"140 Hampton Road,Rothesay,New Brunswick,E2E 2R1"
a2t5o00000001XiAAI,Sobeys East Point - AstraZeneca,"40 East Point Way,Saint John,New Brunswick,E2J 0H4"
a2t5o00000001XjAAI,Sobeys Champlain Mall - AstraZeneca,"477 Paul Street,Dieppe,New Brunswick,E1A 4X5"
a2t5o00000001XkAAI,Sobeys Miramichi - AstraZeneca,"2485 King George Highway,Miramichi,New Brunswick,E1V 6W6"
a2t5o00000001XlAAI,Sobeys Riverview - AstraZeneca,"1160 Findlay Blvd,Riverview,New Brunswick,E1B 0J6"
a2t5o00000001XmAAI,Sobeys Shediac - AstraZeneca,"183 Main Street,Shediac,New Brunswick,E4P 2A5"
a2t5o00000001oKAAQ,Sobeys Stratford - Moderna,"9 Kinlock Road ,Stratford,Prince Edward Island,C1B 1L8"
a2t5o00000001slAAA,Sobeys Legacy,"#100, 200 Hartell Way S.E, Calgary, Alberta, T2X 4K8"
